person0,2009-07-01
person1,1996-08-18
person2,2001-10-01
person3,1979-08-10
person4,1980-09-14
person5,2017-09-12
person6,2022-10-05
person7,1987-10-07
person8,1970-08-05
person9,2016-01-05
person10,1982-08-08
person11,2000-02-25
person12,2005-10-12
person13,1988-04-10
person14,2015-06-16
person15,1971-03-18
person16,1980-09-14
person17,2011-01-04
person18,2005-04-23
person19,1988-09-09
person20,2011-09-08
person21,1970-08-21
person22,1979-11-07
person23,2009-01-12
person24,2009-11-17
person25,1994-10-25
person26,2001-04-02
person27,2001-07-08
person28,2015-02-10
person29,2006-06-13
person30,1971-02-15
person31,1970-11-12
person32,1994-08-09
person33,2011-08-17
person34,2010-08-17
person35,2007-07-16
person36,1974-01-05
person37,2020-05-02
person38,1985-06-25
person39,2019-10-10
person40,2020-04-25
person41,1981-05-01
person42,1980-11-14
person43,1973-09-15
person44,2005-09-26
person45,1978-04-17
person46,2001-08-11
person47,2019-09-08
person48,2009-08-04
person49,2004-05-23
person50,1995-02-07
person51,2004-06-16
person52,2003-06-05
person53,2002-02-06
person54,2016-08-18
person55,1990-10-05
person56,1988-10-19
person57,1975-05-05
person58,1977-06-13
person59,1977-05-18
person60,2000-06-20
person61,2004-03-05
person62,2005-09-20
person63,1993-11-14
person64,2014-01-11
person65,1979-04-19
person66,1995-08-24
person67,1972-11-05
person68,1983-01-12
person69,1997-08-22
person70,2020-01-05
person71,2004-01-08
person72,1998-02-01
person73,2013-09-24
person74,2001-04-22
person75,1972-06-11
person76,2009-06-06
person77,2008-03-16
person78,2001-04-17
person79,2010-06-15
person80,2011-05-04
person81,1992-10-22
person82,1973-06-12
person83,2022-10-23
person84,1977-07-19
person85,2011-06-05
person86,2012-10-22
person87,1985-02-17
person88,2006-06-06
person89,2020-02-14
person90,1972-03-07
person91,2019-02-24
person92,1993-11-02
person93,2003-07-10
person94,1999-09-03
person95,1994-05-07
person96,2006-09-25
person97,1976-06-13
person98,2014-08-23
person99,1974-06-09
